{"schemaVersion":"1.0","appDefinitionTemplate":{"id":"/providers/Microsoft.PowerApps/apps/","type":"Microsoft.PowerApps/apps","tags":{"primaryDeviceWidth":"384","primaryDeviceHeight":"348","supportsPortrait":"true","supportsLandscape":"true","primaryFormFactor":"Phone","showStatusBar":"false","publisherVersion":"3.24123.10","minimumRequiredApiVersion":"2.2.0","hasComponent":"true","hasUnlockedComponent":"true","isUnifiedRootApp":"false","sienaVersion":"20250114T190445Z-3.24123.10.0"},"properties":{"appVersion":"2025-01-14T19:04:45Z","lifeCycleId":"Published","createdByClientVersion":{"major":3,"minor":24123,"build":10,"revision":0,"majorRevision":0,"minorRevision":0},"minClientVersion":{"major":3,"minor":24123,"build":10,"revision":0,"majorRevision":0,"minorRevision":0},"backgroundColor":"rgba(102, 113, 166, 1)","backgroundImageUri":"/18238088457129969873/N343d4b69-f17c-48ee-85bf-dddf513fca91-logoSmallFile","displayName":"Timer Tool","description":"A simple timer to use on any device.  Does not use any data connections.\nCreated by Paul Brower","commitMessage":"","appUris":{"documentUri":{"value":"/18238088457129969873/N15f4e72e-353f-45c3-8691-a1cee89f8abb-document.msapp"},"imageUris":[],"additionalUris":[{"isSolutionAware":false,"value":"/18238088457129969873/N5bdb5c7e-790e-473f-a7b1-0d7a52371d2d-identity.json"}]},"createdTime":"0001-01-01T00:00:00Z","lastModifiedTime":"0001-01-01T00:00:00Z","sharedGroupsCount":0,"sharedUsersCount":0,"connectionReferences":{},"databaseReferences":{},"almMode":"Environment","performanceOptimizationEnabled":false,"canConsumeAppPass":false,"enableModernRuntimeMode":false,"executionRestrictions":{"isTeamsOnly":false,"dataLossPreventionEvaluationResult":{"status":"Compliant","lastEvaluationDate":"2025-01-14T05:56:16.7360078Z","violations":[],"violationsByPolicy":[],"violationErrorMessage":"The app uses the following connectors: ."}}},"isAppComponentLibrary":false,"appType":"ClassicCanvasApp","appComponents":[]}}